LA,B1,B2,B3,B4,B5,B6,B7,B8,U1,U2,U3,U4,U5,U6,U7,U8,F1,F2,F3,F4,F5
Københa,1416,23,77,27,9,7,411,1968,3659,102,52,103,163,27,16,4122,211,34,138,32,351
Frederik,1963,39,446,83,15,21,2303,4870,4062,93,61,297,300,38,107,4958,381,61,144,33,553
Dragør,3731,74,293,158,59,21,8623,12959,3919,200,60,55,309,53,11,4607,507,56,214,20,757
Tårnby,2757,104,471,141,44,19,5432,8968,5055,251,212,254,582,115,16,6486,535,90,155,19,760
Albertsl,3381,101,524,121,42,65,5094,9328,4536,189,119,447,359,103,55,5809,615,51,194,51,809
Ballerup,2623,147,296,193,59,28,2951,6297,5222,249,235,136,594,128,75,6638,453,102,190,68,677
Brøndby,2217,69,159,155,33,11,4136,6780,3130,198,89,53,326,45,12,3853,300,71,59,4,426
Gentofte,5182,188,365,285,40,27,4805,10890,7667,369,323,350,1228,77,33,10046,474,89,285,266,581
Gladsaxe,2218,57,467,130,35,25,3271,6202,5054,202,94,372,505,87,62,6376,547,72,197,25,791
Glostrup,3812,99,299,115,36,19,10569,14949,4409,211,91,185,232,60,20,5208,383,59,118,18,542
Herlev,3309,53,801,122,34,32,12373,16723,4421,179,101,266,275,74,27,5344,407,89,211,19,688
Hvidovre,2430,67,534,102,24,28,2558,5743,5504,220,142,243,581,101,54,6845,445,68,100,16,597
HøjeTaa,1796,45,196,68,16,20,3163,5304,3588,199,98,99,205,41,31,4262,330,70,261,8,654
Ishøj,2092,79,226,208,55,21,5216,7897,3254,167,100,48,333,118,25,4045,384,82,108,27,547
LyngbyTa,3416,85,435,111,29,23,4108,8207,5413,157,124,255,359,55,22,6384,442,74,172,32,656
Rødovre,3117,101,509,111,39,32,3559,7469,4503,213,111,144,361,89,48,5468,354,82,102,17,520
Vallensb,2879,98,284,126,41,18,8078,11524,2567,126,67,53,213,59,15,3101,178,55,93,7,319
Allerød,3473,112,205,180,30,22,5206,9227,7872,348,164,110,600,58,30,9182,325,82,215,25,597
Egedal,2228,93,231,185,30,12,3210,5988,4251,196,168,77,522,73,16,5303,252,62,68,16,367
Fredensb,4089,74,479,115,25,27,6306,11114,4252,197,83,101,252,32,17,4933,381,70,158,15,593
Frederik,2472,84,133,102,23,28,5389,8231,4499,253,158,116,315,44,64,5449,288,80,98,20,446
Furesø,3452,71,217,73,25,23,5749,9610,6355,137,111,82,189,32,38,6944,276,54,100,18,413
Gribskov,3461,49,271,80,30,34,3122,7047,3648,137,61,52,209,32,17,4156,329,91,142,32,530
Halsnæs,2988,55,184,82,35,16,4990,8350,4364,304,125,105,379,88,14,5379,256,70,117,14,429
Helsing�,4002,97,643,193,39,27,3828,8830,5380,269,131,283,674,79,22,6836,593,85,152,46,783
Hillerø,2520,66,334,62,16,24,2921,5944,4347,184,91,154,259,44,49,5128,313,66,134,16,498
Hørshol,3647,60,497,131,33,61,6256,10685,6678,267,86,165,418,66,29,7709,290,69,197,33,524
Rudersda,2534,66,347,80,26,21,4352,7425,5885,312,100,188,294,61,40,6879,384,0,213,22,574
Bornholm,8114,60,361,183,47,51,3999,12816,3790,255,41,125,302,21,17,4552,237,71,121,19,411
Greve,2633,58,229,98,37,15,2853,5923,3948,197,105,70,215,65,28,4628,315,0,174,12,477
Køge,1634,73,246,124,32,11,3822,5942,4034,213,138,147,432,100,20,5084,343,59,108,29,481
Lejre,2769,56,247,66,15,9,4482,7644,2659,151,52,38,89,14,5,3008,240,29,80,9,340
Roskilde,4236,128,644,131,39,23,2760,7961,6052,262,187,523,485,68,26,7603,557,99,232,219,669
Solrød,2217,68,96,61,16,12,5189,7659,4551,125,126,52,188,29,15,5085,303,43,156,14,488
Faxe,3127,84,311,103,42,29,5935,9631,3129,274,98,78,242,92,40,3952,234,59,167,19,441
Guldborg,3193,74,522,114,34,29,4154,8119,3923,426,149,278,456,64,45,5341,309,70,151,7,523
Holbæk,2556,63,335,69,13,38,3368,6441,3602,144,111,218,203,22,41,4341,230,56,117,14,389
Kalundbo,2013,77,102,61,13,13,2719,4997,3082,174,90,66,165,25,8,3611,258,45,103,16,390
Lolland,2823,74,179,101,49,13,5342,8581,3211,189,112,91,340,114,14,4072,229,56,147,24,408
Næstved,1519,36,216,54,17,10,3205,5055,3136,135,78,128,195,50,9,3732,280,50,95,17,408
Odsherre,2435,74,251,55,15,13,3842,6685,3565,292,127,102,185,23,8,4303,429,36,134,49,549
Ringsted,1403,58,75,73,12,15,3423,5060,3863,213,115,71,317,50,69,4697,292,47,168,45,463
Slagelse,1724,54,121,56,12,12,2859,4838,3016,131,89,95,253,34,15,3634,218,0,181,11,388
Sorø,1735,48,182,47,13,15,4695,6737,3572,167,98,128,258,44,38,4306,242,25,79,14,332
Stevns,3336,104,299,96,41,16,5143,9035,3911,346,120,87,249,74,11,4798,243,55,120,13,405
Vordingb,2662,58,258,84,29,13,5251,8354,3713,244,111,107,336,45,8,4563,269,60,127,20,436
Assens,2284,54,219,72,29,11,2896,5565,3635,260,100,111,279,85,12,4482,229,35,134,16,382
FaaborgM,2309,38,147,76,25,12,4179,6785,4553,363,79,100,288,65,16,5463,263,33,110,41,365
Kertemin,3783,52,214,58,15,9,4600,8732,3405,272,54,69,234,37,6,4077,213,34,75,10,311
Langelan,2458,88,231,77,30,14,9606,12505,3596,236,51,145,339,87,14,4469,277,29,139,14,430
Middelfa,2769,76,333,138,28,17,3262,6622,4941,207,112,224,451,72,21,6027,292,53,247,73,518
Nordfyns,2093,60,128,50,17,9,3944,6300,3708,232,72,145,401,37,16,4611,198,31,126,11,344
Nyborg,5829,30,210,138,43,42,3657,9949,7142,294,42,116,367,56,23,8041,265,59,103,32,395
Odense,2591,47,721,71,30,24,1254,4739,3766,184,72,340,215,48,24,4649,273,49,118,70,369
Svendbor,3392,73,331,114,26,22,5962,9919,5369,280,146,287,562,76,35,6753,273,73,98,32,411
Ærø,6269,100,469,118,58,21,19328,26362,4048,418,62,51,161,34,7,4781,323,0,202,17,509
Billund,3399,110,322,150,32,13,8282,12307,3545,315,130,75,339,57,10,4470,289,67,99,17,438
Esbjerg,2518,39,151,58,21,44,2117,4948,3424,177,57,104,192,46,80,4080,261,50,142,29,424
Frederic,2211,72,293,67,18,14,6724,9399,3139,171,120,123,245,60,15,3872,262,55,87,26,378
Hadersle,2043,44,128,88,29,12,2592,4935,5537,267,138,99,442,116,24,6623,216,53,64,16,317
Kolding,2113,41,242,58,12,15,3858,6339,3813,213,82,112,223,27,16,4485,203,31,174,28,379
Sønderb,2806,57,265,88,31,18,2851,6115,4067,353,76,122,336,84,37,5074,344,64,192,10,589
Tønder,2307,52,166,68,35,42,3406,6078,3098,155,61,64,226,88,57,3749,247,53,134,17,417
Varde,2134,82,325,269,42,31,2467,5351,3866,339,132,107,569,82,41,5137,284,68,140,21,471
Vejen,3775,77,369,136,47,31,3496,7930,3432,207,71,70,214,57,15,4067,250,42,544,16,820
Vejle,4078,95,629,171,38,28,3159,8197,4838,267,174,431,685,99,40,6534,313,60,125,124,374
Aabenraa,2725,78,275,78,18,16,4145,7334,3450,288,108,109,284,70,20,4330,260,54,163,20,457
Favrskov,2069,84,88,177,37,21,2422,4898,4969,245,142,70,682,84,35,6227,218,96,51,15,349
Hedenste,2166,67,128,59,18,14,1834,4287,2965,258,96,68,173,32,31,3624,185,41,97,8,314
Horsens,1873,66,288,93,22,18,2452,4812,3444,254,110,132,345,62,26,4372,242,51,182,41,434
Norddjur,2571,93,254,162,34,14,3147,6276,4039,337,126,142,640,85,13,5382,249,37,97,16,366
Odder,2277,77,116,119,30,13,5164,7796,5708,516,159,201,761,82,20,7447,200,54,95,21,329
Randers,1912,54,136,69,21,15,2305,4511,4082,354,111,119,453,86,29,5234,303,62,85,36,414
Samsø,14245,39,140,94,35,199,29687,44440,5353,316,14,32,64,2,12,5790,312,74,83,5,463
Silkebor,1649,49,250,89,23,10,2586,4655,4856,242,134,144,376,84,16,5852,273,68,101,21,421
Skanderb,2272,70,169,90,24,9,1244,3879,4280,220,135,106,384,64,11,5201,225,60,73,14,343
Syddjurs,1850,40,121,68,18,10,2738,4844,3749,174,57,62,199,31,11,4284,241,66,290,14,583
Aarhus,1747,38,168,84,14,7,705,2764,4230,162,88,202,335,32,11,5059,305,37,278,444,175
Herning,3492,102,504,152,39,23,2856,7169,5523,239,219,393,665,124,26,7188,329,50,287,238,428
Holstebr,2868,76,401,72,26,38,4090,7570,4786,177,108,210,205,70,69,5625,268,56,118,23,419
IkastBra,3524,80,143,62,21,22,1922,5774,4298,222,84,56,154,54,25,4892,209,41,87,23,315
Lemvig,3034,96,265,106,35,48,6053,9637,4175,342,162,181,373,108,42,5383,280,0,195,14,462
Ringkøb,3121,51,236,103,32,24,1382,4948,4076,278,88,111,320,81,33,4987,217,51,91,20,338
Skive,2094,49,299,64,19,14,2325,4864,3898,219,99,181,218,79,22,4716,252,53,82,16,370
Struer,3836,69,285,70,36,75,5617,9986,4604,228,104,99,178,65,20,5298,247,0,186,12,421
Viborg,3322,50,361,89,14,114,2913,6863,5267,235,96,161,347,40,20,6166,275,55,118,36,413
Brønder,3090,74,173,132,28,14,5321,8831,4414,401,88,82,275,55,10,5324,285,0,193,26,452
Frederik,2335,53,194,62,15,17,3437,6112,3425,258,81,82,140,33,10,4030,232,36,195,23,441
Hjørrin,1919,55,130,104,27,10,1254,3498,3695,253,88,103,387,65,11,4602,257,58,287,15,587
Jammerbu,2645,42,165,62,14,13,2005,4946,3910,372,64,57,198,40,25,4666,211,33,93,6,331
Læsø,17713,14,284,96,32,109,34573,52821,1459,32,0,3,0,1,2,1496,184,16,130,3,327
Mariager,2437,90,304,210,57,18,1833,4948,4566,322,109,138,728,139,20,6022,273,0,162,15,420
Morsø,2925,107,220,60,26,23,3779,7140,4286,218,138,108,447,58,14,5270,239,54,117,21,388
Rebild,2047,66,151,136,29,13,3217,5659,3471,291,81,42,358,99,27,4368,196,0,159,10,345
Thisted,1944,76,143,123,24,12,1802,4123,2705,141,75,34,255,61,10,3279,270,52,117,17,422
Vesthimm,1730,55,156,159,48,12,2077,4237,2991,251,72,80,601,185,29,4210,218,54,94,8,358
Aalborg,1800,61,195,96,23,12,1495,3681,4003,312,119,149,517,103,28,5230,295,67,108,65,404
